{
  "$schema": "https://schema.management.azure.com/schemas/2019-04-01/deploymentTemplate.json#",
  "contentVersion": "1.0.0.0",
  "parameters": {
      "storageAccounts_storetnr2igyjet2po_name": {
          "defaultValue": "storetnr2igyjet2st",
          "type": "String"
      }
  },
  "variables": {},
  "resources": [
      {
          "type": "Microsoft.Storage/storageAccounts",
          "apiVersion": "2021-09-01",
          "name": "[parameters('storageAccounts_storetnr2igyjet2po_name')]",
          "location": "centralus",
          "sku": {
              "name": "Standard_LRS",
              "tier": "Standard"
          },
          "kind": "StorageV2",
          "properties": {
              "minimumTlsVersion": "TLS1_0",
              "allowBlobPublicAccess": true,
              "networkAcls": {
                  "bypass": "AzureServices",
                  "virtualNetworkRules": [],
                  "ipRules": [],
                  "defaultAction": "Allow"
              },
              "supportsHttpsTrafficOnly": true,
              "encryption": {
                  "services": {
                      "file": {
                          "keyType": "Account",
                          "enabled": true
                      },
                      "blob": {
                          "keyType": "Account",
                          "enabled": true
                      }
                  },
                  "keySource": "Microsoft.Storage"
              },
              "accessTier": "Hot"
          }
      },
      {
          "type": "Microsoft.Storage/storageAccounts/blobServices",
          "apiVersion": "2021-09-01",
          "name": "[concat(parameters('storageAccounts_storetnr2igyjet2po_name'), '/default')]",
          "dependsOn": [
              "[resourceId('Microsoft.Storage/storageAccounts', parameters('storageAccounts_storetnr2igyjet2po_name'))]"
          ],
          "sku": {
              "name": "Standard_LRS",
              "tier": "Standard"
          },
          "properties": {
              "cors": {
                  "corsRules": []
              },
              "deleteRetentionPolicy": {
                  "allowPermanentDelete": false,
                  "enabled": false
              }
          }
      },
      {
          "type": "Microsoft.Storage/storageAccounts/fileServices",
          "apiVersion": "2021-09-01",
          "name": "[concat(parameters('storageAccounts_storetnr2igyjet2po_name'), '/default')]",
          "dependsOn": [
              "[resourceId('Microsoft.Storage/storageAccounts', parameters('storageAccounts_storetnr2igyjet2po_name'))]"
          ],
          "sku": {
              "name": "Standard_LRS",
              "tier": "Standard"
          },
          "properties": {
              "protocolSettings": {
                  "smb": {}
              },
              "cors": {
                  "corsRules": []
              },
              "shareDeleteRetentionPolicy": {
                  "enabled": true,
                  "days": 7
              }
          }
      },
      {
          "type": "Microsoft.Storage/storageAccounts/queueServices",
          "apiVersion": "2021-09-01",
          "name": "[concat(parameters('storageAccounts_storetnr2igyjet2po_name'), '/default')]",
          "dependsOn": [
              "[resourceId('Microsoft.Storage/storageAccounts', parameters('storageAccounts_storetnr2igyjet2po_name'))]"
          ],
          "properties": {
              "cors": {
                  "corsRules": []
              }
          }
      },
      {
          "type": "Microsoft.Storage/storageAccounts/tableServices",
          "apiVersion": "2021-09-01",
          "name": "[concat(parameters('storageAccounts_storetnr2igyjet2po_name'), '/default')]",
          "dependsOn": [
              "[resourceId('Microsoft.Storage/storageAccounts', parameters('storageAccounts_storetnr2igyjet2po_name'))]"
          ],
          "properties": {
              "cors": {
                  "corsRules": []
              }
          }
      }
  ]
}