{
    "$schema": "https://schema.management.azure.com/schemas/2019-04-01/deploymentTemplate.json#",
    "contentVersion": "1.0.0.0",
    "metadata": {
        "_generator": {
            "name": "bicep",
            "version": "0.5.6.12127",
            "templateHash": "14509124136721506545"
        }
    },
    "parameters": {},
    "resources": [
        {
            "type": "Microsoft.Databricks/workspaces",
            "apiVersion": "2018-04-01",
            "name": "test-managed-app",
            "location": "centralus",
            "sku": {
                "name": "premium"
            },
            "properties": {
                "managedResourceGroupId": "[subscriptionResourceId('Microsoft.Resources/resourceGroups', 'testmgrg')]",
                "parameters": {
                    "enableNoPublicIp": {
                        "value": false
                    }
                }
            }
        }
    ],
    "outputs": {
        "workspace": {
            "type": "object",
            "value": "[reference(resourceId('Microsoft.Databricks/workspaces', 'test-managed-app'))]"
        }
    }
}