{
    "$schema": "https://schema.management.azure.com/schemas/2019-04-01/deploymentTemplate.json#",
    "contentVersion": "1.0.0.0",
    "metadata": {
        "_generator": {
            "name": "bicep",
            "version": "0.5.6.12127",
            "templateHash": "14509124136721506545"
        }
    },
    "parameters": {
        "disablePublicIp": {
            "type": "bool",
            "defaultValue": false,
            "metadata": {
                "description": "Specifies whether to deploy Azure Databricks workspace with Secure Cluster Connectivity (No Public IP) enabled or not"
            }
        },
        "workspaceName": {
            "type": "string",
            "metadata": {
                "description": "The name of the Azure Databricks workspace to create."
            }
        },
        "pricingTier": {
            "type": "string",
            "defaultValue": "premium",
            "allowedValues": [
                "standard",
                "premium"
            ],
            "metadata": {
                "description": "The pricing tier of workspace."
            }
        },
        "location": {
            "type": "string",
            "defaultValue": "[resourceGroup().location]",
            "metadata": {
                "description": "Location for all resources."
            }
        }
    },
    "variables": {
        "managedResourceGroupName": "[format('databricks-rg-{0}-{1}', parameters('workspaceName'), uniqueString(parameters('workspaceName'), resourceGroup().id))]"
    },
    "resources": [{
            "type": "Microsoft.Databricks/workspaces",
            "apiVersion": "2018-04-01",
            "name": "[parameters('workspaceName')]",
            "location": "[parameters('location')]",
            "sku": {
                "name": "[parameters('pricingTier')]"
            },
            "properties": {
                "managedResourceGroupId": "[subscriptionResourceId('Microsoft.Resources/resourceGroups', variables('managedResourceGroupName'))]",
                "parameters": {
                    "enableNoPublicIp": {
                        "value": "[parameters('disablePublicIp')]"
                    }
                }
            }
        }
    ],
    "outputs": {
        "workspace": {
            "type": "object",
            "value": "[reference(resourceId('Microsoft.Databricks/workspaces', parameters('workspaceName')))]"
        }
    }
}